[
  {
    "Name": "Name1",
    "Brand": "Cipla",
    "Price": 20.0,
    "Quantity": 21,
    "ExpiryDate": "2021-11-01T00:00:00Z",
    "Notes": "Test1"
  },
  {
    "Name": "Name2",
    "Brand": "Cipla",
    "Price": 20.0,
    "Quantity": 21,
    "ExpiryDate": "2021-11-01T00:00:00Z",
    "Notes": "Test1"
  },
  {
    "Name": "Name55",
    "Brand": "Cipla",
    "Price": 20.0,
    "Quantity": 21,
    "ExpiryDate": "2021-11-01T00:00:00Z",
    "Notes": "Test1"
  },
  {
    "Name": "Test",
    "Brand": "Ranbaxy",
    "Price": 20.0,
    "Quantity": 9,
    "ExpiryDate": "2021-11-01T00:00:00Z",
    "Notes": "Test1"
  },
  {
    "Name": "Name3",
    "Brand": "Testtting",
    "Price": 20.0,
    "Quantity": 21,
    "ExpiryDate": "2021-11-01T00:00:00Z",
    "Notes": "Test1"
  },
  {
    "Name": "addddddd",
    "Brand": "addddddd",
    "Price": 21.0,
    "Quantity": 1,
    "ExpiryDate": "2020-12-24T00:00:00Z",
    "Notes": "nsmmsn"
  },
  {
    "Name": "aaaa",
    "Brand": "aaa",
    "Price": 2.0,
    "Quantity": 22,
    "ExpiryDate": "2021-01-27T00:00:00Z",
    "Notes": "22"
  },
  {
    "Name": "shdk",
    "Brand": "sds",
    "Price": 22.0,
    "Quantity": 1,
    "ExpiryDate": "2020-12-25T00:00:00Z",
    "Notes": "sdaas"
  },
  {
    "Name": "skdsdkhk",
    "Brand": "sddjhkash",
    "Price": 11.0,
    "Quantity": 1,
    "ExpiryDate": "2020-12-25T00:00:00Z",
    "Notes": "sds"
  },
  {
    "Name": "ahskshaks",
    "Brand": "akjkasjsa",
    "Price": 22.0,
    "Quantity": 22,
    "ExpiryDate": "2020-12-23T00:00:00Z",
    "Notes": "11"
  },
  {
    "Name": "adksk",
    "Brand": "skdkd",
    "Price": 22.0,
    "Quantity": 11,
    "ExpiryDate": "2020-12-31T00:00:00Z",
    "Notes": "sdda"
  },
  {
    "Name": "hdskhdk",
    "Brand": "anshd",
    "Price": 12.0,
    "Quantity": 1,
    "ExpiryDate": "2020-12-25T00:00:00Z",
    "Notes": "nsjkah"
  },
  {
    "Name": "lllllllll",
    "Brand": "llll",
    "Price": 22.0,
    "Quantity": 22,
    "ExpiryDate": "2020-12-24T00:00:00Z",
    "Notes": "33n"
  },
  {
    "Name": "mmm",
    "Brand": "mm",
    "Price": 2.0,
    "Quantity": 3,
    "ExpiryDate": "2020-12-17T00:00:00Z",
    "Notes": "nksjdk"
  },
  {
    "Name": "sdls",
    "Brand": "sdlk",
    "Price": 22.0,
    "Quantity": 2,
    "ExpiryDate": "2020-12-25T00:00:00Z",
    "Notes": "kns"
  },
  {
    "Name": "sdls",
    "Brand": "sdlk",
    "Price": 22.0,
    "Quantity": 2,
    "ExpiryDate": "2020-12-25T00:00:00Z",
    "Notes": "kns"
  },
  {
    "Name": "khdskd",
    "Brand": "nd",
    "Price": 2.0,
    "Quantity": 222,
    "ExpiryDate": "2020-12-25T00:00:00Z",
    "Notes": "wd"
  },
  {
    "Name": "dafdfdf",
    "Brand": "dfdfdf",
    "Price": 22.0,
    "Quantity": 2,
    "ExpiryDate": "2020-12-24T00:00:00Z",
    "Notes": "dfsf"
  },
  {
    "Name": "mmmmmmmmmmm",
    "Brand": "mmmmm",
    "Price": 1.0,
    "Quantity": 2,
    "ExpiryDate": "2020-12-25T00:00:00Z",
    "Notes": "ss"
  },
  {
    "Name": "Name3",
    "Brand": "Testtting",
    "Price": 20.0,
    "Quantity": 21,
    "ExpiryDate": "2021-11-01T00:00:00Z",
    "Notes": "Test1"
  }
]